,url,influencerCategory,influencerMention,accountType
oykulojistik,"https://docs.google.com/forms/d/e/1FAIpQLSfyzdCEu8dJGiUoR9DVcqOZYBgcMMnE6z2XGrmA17lhYi801Q/viewform?usp=pp_url&entry.1102225441=https://instagram.com/oykulojistik&entry.1477564887=32076
",Art,No,Company
izmirgeziyorr,"https://docs.google.com/forms/d/e/1FAIpQLSfyzdCEu8dJGiUoR9DVcqOZYBgcMMnE6z2XGrmA17lhYi801Q/viewform?usp=pp_url&entry.1102225441=https://instagram.com/izmirgeziyorr&entry.1477564887=32076
",Travel,No,Company
mynareklam,"https://docs.google.com/forms/d/e/1FAIpQLSfyzdCEu8dJGiUoR9DVcqOZYBgcMMnE6z2XGrmA17lhYi801Q/viewform?usp=pp_url&entry.1102225441=https://instagram.com/mynareklam&entry.1477564887=32076
",Art,No,Company
turkiyekaykayfederasyonu,"https://docs.google.com/forms/d/e/1FAIpQLSfyzdCEu8dJGiUoR9DVcqOZYBgcMMnE6z2XGrmA17lhYi801Q/viewform?usp=pp_url&entry.1102225441=https://instagram.com/turkiyekaykayfederasyonu&entry.1477564887=32076
",Sports,No,Company
robokidss,"https://docs.google.com/forms/d/e/1FAIpQLSfyzdCEu8dJGiUoR9DVcqOZYBgcMMnE6z2XGrmA17lhYi801Q/viewform?usp=pp_url&entry.1102225441=https://instagram.com/robokidss&entry.1477564887=32076
",Mom and Children,No,Company
kadinkanserleri,"https://docs.google.com/forms/d/e/1FAIpQLSfyzdCEu8dJGiUoR9DVcqOZYBgcMMnE6z2XGrmA17lhYi801Q/viewform?usp=pp_url&entry.1102225441=https://instagram.com/kadinkanserleri&entry.1477564887=32076
",Health and Lifestyle,No,Company
botalounge,"https://docs.google.com/forms/d/e/1FAIpQLSfyzdCEu8dJGiUoR9DVcqOZYBgcMMnE6z2XGrmA17lhYi801Q/viewform?usp=pp_url&entry.1102225441=https://instagram.com/botalounge&entry.1477564887=32076
",Entertainment,No,Company
bodrumlupastalar,"https://docs.google.com/forms/d/e/1FAIpQLSfyzdCEu8dJGiUoR9DVcqOZYBgcMMnE6z2XGrmA17lhYi801Q/viewform?usp=pp_url&entry.1102225441=https://instagram.com/bodrumlupastalar&entry.1477564887=32076
",Food,No,Company
hadioynalive,"https://docs.google.com/forms/d/e/1FAIpQLSfyzdCEu8dJGiUoR9DVcqOZYBgcMMnE6z2XGrmA17lhYi801Q/viewform?usp=pp_url&entry.1102225441=https://instagram.com/hadioynalive&entry.1477564887=32076
",Gaming,No,Company
lifejentr,"https://docs.google.com/forms/d/e/1FAIpQLSfyzdCEu8dJGiUoR9DVcqOZYBgcMMnE6z2XGrmA17lhYi801Q/viewform?usp=pp_url&entry.1102225441=https://instagram.com/lifejentr&entry.1477564887=32076
",Health and Lifestyle,No,Company
codemarcoo,"https://docs.google.com/forms/d/e/1FAIpQLSfyzdCEu8dJGiUoR9DVcqOZYBgcMMnE6z2XGrmA17lhYi801Q/viewform?usp=pp_url&entry.1102225441=https://instagram.com/codemarcoo&entry.1477564887=32076
",Gaming,Yes,Influencer
caglaralmendi,"https://docs.google.com/forms/d/e/1FAIpQLSfyzdCEu8dJGiUoR9DVcqOZYBgcMMnE6z2XGrmA17lhYi801Q/viewform?usp=pp_url&entry.1102225441=https://instagram.com/caglaralmendi&entry.1477564887=32076
",Entertainment,No,Influencer
germiyanbilgekoleji,"https://docs.google.com/forms/d/e/1FAIpQLSfyzdCEu8dJGiUoR9DVcqOZYBgcMMnE6z2XGrmA17lhYi801Q/viewform?usp=pp_url&entry.1102225441=https://instagram.com/germiyanbilgekoleji&entry.1477564887=32076
",Mom and Children,No,Company
observeroflifeistanbul,"https://docs.google.com/forms/d/e/1FAIpQLSfyzdCEu8dJGiUoR9DVcqOZYBgcMMnE6z2XGrmA17lhYi801Q/viewform?usp=pp_url&entry.1102225441=https://instagram.com/observeroflifeistanbul&entry.1477564887=32076
",Travel,No,Influencer
cnr_marbletechistanbul,"https://docs.google.com/forms/d/e/1FAIpQLSfyzdCEu8dJGiUoR9DVcqOZYBgcMMnE6z2XGrmA17lhYi801Q/viewform?usp=pp_url&entry.1102225441=https://instagram.com/cnr_marbletechistanbul&entry.1477564887=32076
",Art,No,Company
haykocepkin,"https://docs.google.com/forms/d/e/1FAIpQLSfyzdCEu8dJGiUoR9DVcqOZYBgcMMnE6z2XGrmA17lhYi801Q/viewform?usp=pp_url&entry.1102225441=https://instagram.com/haykocepkin&entry.1477564887=32076
",Art,Yes,Influencer
indes.inc,"https://docs.google.com/forms/d/e/1FAIpQLSfyzdCEu8dJGiUoR9DVcqOZYBgcMMnE6z2XGrmA17lhYi801Q/viewform?usp=pp_url&entry.1102225441=https://instagram.com/indes.inc&entry.1477564887=32076
",Tech,No,Company
sedirliev,"https://docs.google.com/forms/d/e/1FAIpQLSfyzdCEu8dJGiUoR9DVcqOZYBgcMMnE6z2XGrmA17lhYi801Q/viewform?usp=pp_url&entry.1102225441=https://instagram.com/sedirliev&entry.1477564887=32076
",Travel,No,Company
bilkom,"https://docs.google.com/forms/d/e/1FAIpQLSfyzdCEu8dJGiUoR9DVcqOZYBgcMMnE6z2XGrmA17lhYi801Q/viewform?usp=pp_url&entry.1102225441=https://instagram.com/bilkom&entry.1477564887=32076
",Tech,No,Company
hurriyetokullari,"https://docs.google.com/forms/d/e/1FAIpQLSfyzdCEu8dJGiUoR9DVcqOZYBgcMMnE6z2XGrmA17lhYi801Q/viewform?usp=pp_url&entry.1102225441=https://instagram.com/hurriyetokullari&entry.1477564887=32076
",Mom and Children,No,Company
doguswag808,"https://docs.google.com/forms/d/e/1FAIpQLSfyzdCEu8dJGiUoR9DVcqOZYBgcMMnE6z2XGrmA17lhYi801Q/viewform?usp=pp_url&entry.1102225441=https://instagram.com/doguswag808&entry.1477564887=32076
",Art,Yes,Influencer
ezgikasapoglu,"https://docs.google.com/forms/d/e/1FAIpQLSfyzdCEu8dJGiUoR9DVcqOZYBgcMMnE6z2XGrmA17lhYi801Q/viewform?usp=pp_url&entry.1102225441=https://instagram.com/ezgikasapoglu&entry.1477564887=32076
",Fashion,Yes,Influencer
tiesfed,"https://docs.google.com/forms/d/e/1FAIpQLSfyzdCEu8dJGiUoR9DVcqOZYBgcMMnE6z2XGrmA17lhYi801Q/viewform?usp=pp_url&entry.1102225441=https://instagram.com/tiesfed&entry.1477564887=32076
",Sports,No,Company
fringeistanbul,"https://docs.google.com/forms/d/e/1FAIpQLSfyzdCEu8dJGiUoR9DVcqOZYBgcMMnE6z2XGrmA17lhYi801Q/viewform?usp=pp_url&entry.1102225441=https://instagram.com/fringeistanbul&entry.1477564887=32076
",Art,No,Company
almilaada,"https://docs.google.com/forms/d/e/1FAIpQLSfyzdCEu8dJGiUoR9DVcqOZYBgcMMnE6z2XGrmA17lhYi801Q/viewform?usp=pp_url&entry.1102225441=https://instagram.com/almilaada&entry.1477564887=32076
",Fashion,Yes,Influencer
tiyatrolibra,"https://docs.google.com/forms/d/e/1FAIpQLSfyzdCEu8dJGiUoR9DVcqOZYBgcMMnE6z2XGrmA17lhYi801Q/viewform?usp=pp_url&entry.1102225441=https://instagram.com/tiyatrolibra&entry.1477564887=32076
",Art,No,Company
gamerarena_com,"https://docs.google.com/forms/d/e/1FAIpQLSfyzdCEu8dJGiUoR9DVcqOZYBgcMMnE6z2XGrmA17lhYi801Q/viewform?usp=pp_url&entry.1102225441=https://instagram.com/gamerarena_com&entry.1477564887=32076
",Gaming,No,Company
stopevercom,"https://docs.google.com/forms/d/e/1FAIpQLSfyzdCEu8dJGiUoR9DVcqOZYBgcMMnE6z2XGrmA17lhYi801Q/viewform?usp=pp_url&entry.1102225441=https://instagram.com/stopevercom&entry.1477564887=32076
",Health and Lifestyle,No,Company
bursasporluyuz,"https://docs.google.com/forms/d/e/1FAIpQLSfyzdCEu8dJGiUoR9DVcqOZYBgcMMnE6z2XGrmA17lhYi801Q/viewform?usp=pp_url&entry.1102225441=https://instagram.com/bursasporluyuz&entry.1477564887=32076
",Sports,No,Company
seckinsteak,"https://docs.google.com/forms/d/e/1FAIpQLSfyzdCEu8dJGiUoR9DVcqOZYBgcMMnE6z2XGrmA17lhYi801Q/viewform?usp=pp_url&entry.1102225441=https://instagram.com/seckinsteak&entry.1477564887=32076
",Food,No,Company
bcistcenter,"https://docs.google.com/forms/d/e/1FAIpQLSfyzdCEu8dJGiUoR9DVcqOZYBgcMMnE6z2XGrmA17lhYi801Q/viewform?usp=pp_url&entry.1102225441=https://instagram.com/bcistcenter&entry.1477564887=32076
",Tech,No,Company
seyfvideo,"https://docs.google.com/forms/d/e/1FAIpQLSfyzdCEu8dJGiUoR9DVcqOZYBgcMMnE6z2XGrmA17lhYi801Q/viewform?usp=pp_url&entry.1102225441=https://instagram.com/seyfvideo&entry.1477564887=32076
",Sports,Yes,Influencer
dusyeri,"https://docs.google.com/forms/d/e/1FAIpQLSfyzdCEu8dJGiUoR9DVcqOZYBgcMMnE6z2XGrmA17lhYi801Q/viewform?usp=pp_url&entry.1102225441=https://instagram.com/dusyeri&entry.1477564887=32076
",Mom and Children,No,Company
diyetisyenseymakavuncuoglu,"https://docs.google.com/forms/d/e/1FAIpQLSfyzdCEu8dJGiUoR9DVcqOZYBgcMMnE6z2XGrmA17lhYi801Q/viewform?usp=pp_url&entry.1102225441=https://instagram.com/diyetisyenseymakavuncuoglu&entry.1477564887=32076
",Health and Lifestyle,No,Influencer
brc_turkiye,"https://docs.google.com/forms/d/e/1FAIpQLSfyzdCEu8dJGiUoR9DVcqOZYBgcMMnE6z2XGrmA17lhYi801Q/viewform?usp=pp_url&entry.1102225441=https://instagram.com/brc_turkiye&entry.1477564887=32076
",Tech,No,Company
nilkaraibrahimgil,"https://docs.google.com/forms/d/e/1FAIpQLSfyzdCEu8dJGiUoR9DVcqOZYBgcMMnE6z2XGrmA17lhYi801Q/viewform?usp=pp_url&entry.1102225441=https://instagram.com/nilkaraibrahimgil&entry.1477564887=32076
",Art,Yes,Influencer
ihlas.kuzuluk,"https://docs.google.com/forms/d/e/1FAIpQLSfyzdCEu8dJGiUoR9DVcqOZYBgcMMnE6z2XGrmA17lhYi801Q/viewform?usp=pp_url&entry.1102225441=https://instagram.com/ihlas.kuzuluk&entry.1477564887=32076
",Travel,No,Company
erdemhastanesi,"https://docs.google.com/forms/d/e/1FAIpQLSfyzdCEu8dJGiUoR9DVcqOZYBgcMMnE6z2XGrmA17lhYi801Q/viewform?usp=pp_url&entry.1102225441=https://instagram.com/erdemhastanesi&entry.1477564887=32076
",Health and Lifestyle,No,Company
gazellaturizm,"https://docs.google.com/forms/d/e/1FAIpQLSfyzdCEu8dJGiUoR9DVcqOZYBgcMMnE6z2XGrmA17lhYi801Q/viewform?usp=pp_url&entry.1102225441=https://instagram.com/gazellaturizm&entry.1477564887=32076
",Travel,No,Company
lizgecomertt,"https://docs.google.com/forms/d/e/1FAIpQLSfyzdCEu8dJGiUoR9DVcqOZYBgcMMnE6z2XGrmA17lhYi801Q/viewform?usp=pp_url&entry.1102225441=https://instagram.com/lizgecomertt&entry.1477564887=32076
",Fashion,Yes,Influencer
pendikyuzyilhastanesi,"https://docs.google.com/forms/d/e/1FAIpQLSfyzdCEu8dJGiUoR9DVcqOZYBgcMMnE6z2XGrmA17lhYi801Q/viewform?usp=pp_url&entry.1102225441=https://instagram.com/pendikyuzyilhastanesi&entry.1477564887=32076
",Health and Lifestyle,No,Company
ayftur,"https://docs.google.com/forms/d/e/1FAIpQLSfyzdCEu8dJGiUoR9DVcqOZYBgcMMnE6z2XGrmA17lhYi801Q/viewform?usp=pp_url&entry.1102225441=https://instagram.com/ayftur&entry.1477564887=32076
",Travel,No,Company
metropolbasket,"https://docs.google.com/forms/d/e/1FAIpQLSfyzdCEu8dJGiUoR9DVcqOZYBgcMMnE6z2XGrmA17lhYi801Q/viewform?usp=pp_url&entry.1102225441=https://instagram.com/metropolbasket&entry.1477564887=32076
",Sports,No,Company
creatorstation,"https://docs.google.com/forms/d/e/1FAIpQLSfyzdCEu8dJGiUoR9DVcqOZYBgcMMnE6z2XGrmA17lhYi801Q/viewform?usp=pp_url&entry.1102225441=https://instagram.com/creatorstation&entry.1477564887=32076
",Art,No,Company
1milyonktp,"https://docs.google.com/forms/d/e/1FAIpQLSfyzdCEu8dJGiUoR9DVcqOZYBgcMMnE6z2XGrmA17lhYi801Q/viewform?usp=pp_url&entry.1102225441=https://instagram.com/1milyonktp&entry.1477564887=32076
",Art,No,Influencer
twitchdenkesitler,"https://docs.google.com/forms/d/e/1FAIpQLSfyzdCEu8dJGiUoR9DVcqOZYBgcMMnE6z2XGrmA17lhYi801Q/viewform?usp=pp_url&entry.1102225441=https://instagram.com/twitchdenkesitler&entry.1477564887=32076
",Gaming,No,Influencer
misimplantsturkey,"https://docs.google.com/forms/d/e/1FAIpQLSfyzdCEu8dJGiUoR9DVcqOZYBgcMMnE6z2XGrmA17lhYi801Q/viewform?usp=pp_url&entry.1102225441=https://instagram.com/misimplantsturkey&entry.1477564887=32076
",Health and Lifestyle,No,Company
konuralpbeyosgb,"https://docs.google.com/forms/d/e/1FAIpQLSfyzdCEu8dJGiUoR9DVcqOZYBgcMMnE6z2XGrmA17lhYi801Q/viewform?usp=pp_url&entry.1102225441=https://instagram.com/konuralpbeyosgb&entry.1477564887=32076
",Health and Lifestyle,No,Company
tiyatronok,"https://docs.google.com/forms/d/e/1FAIpQLSfyzdCEu8dJGiUoR9DVcqOZYBgcMMnE6z2XGrmA17lhYi801Q/viewform?usp=pp_url&entry.1102225441=https://instagram.com/tiyatronok&entry.1477564887=32076
",Art,No,Company
melisketenci,"https://docs.google.com/forms/d/e/1FAIpQLSfyzdCEu8dJGiUoR9DVcqOZYBgcMMnE6z2XGrmA17lhYi801Q/viewform?usp=pp_url&entry.1102225441=https://instagram.com/melisketenci&entry.1477564887=32076
",Fashion,Yes,Influencer
talyatipmerkezi,"https://docs.google.com/forms/d/e/1FAIpQLSfyzdCEu8dJGiUoR9DVcqOZYBgcMMnE6z2XGrmA17lhYi801Q/viewform?usp=pp_url&entry.1102225441=https://instagram.com/talyatipmerkezi&entry.1477564887=32076
",Health and Lifestyle,No,Company
ertugruldogan6161,"https://docs.google.com/forms/d/e/1FAIpQLSfyzdCEu8dJGiUoR9DVcqOZYBgcMMnE6z2XGrmA17lhYi801Q/viewform?usp=pp_url&entry.1102225441=https://instagram.com/ertugruldogan6161&entry.1477564887=32076
",Sports,No,Influencer
caneryldrmm,"https://docs.google.com/forms/d/e/1FAIpQLSfyzdCEu8dJGiUoR9DVcqOZYBgcMMnE6z2XGrmA17lhYi801Q/viewform?usp=pp_url&entry.1102225441=https://instagram.com/caneryldrmm&entry.1477564887=32076
",Mom and Children,Yes,Influencer
bkbasketbol,"https://docs.google.com/forms/d/e/1FAIpQLSfyzdCEu8dJGiUoR9DVcqOZYBgcMMnE6z2XGrmA17lhYi801Q/viewform?usp=pp_url&entry.1102225441=https://instagram.com/bkbasketbol&entry.1477564887=32076
",Sports,No,Company
turkiyekickboksfederasyonu,"https://docs.google.com/forms/d/e/1FAIpQLSfyzdCEu8dJGiUoR9DVcqOZYBgcMMnE6z2XGrmA17lhYi801Q/viewform?usp=pp_url&entry.1102225441=https://instagram.com/turkiyekickboksfederasyonu&entry.1477564887=32076
",Sports,No,Company
plus.restaurant,"https://docs.google.com/forms/d/e/1FAIpQLSfyzdCEu8dJGiUoR9DVcqOZYBgcMMnE6z2XGrmA17lhYi801Q/viewform?usp=pp_url&entry.1102225441=https://instagram.com/plus.restaurant&entry.1477564887=32076
",Food,No,Company
istanbulakvaryum,"https://docs.google.com/forms/d/e/1FAIpQLSfyzdCEu8dJGiUoR9DVcqOZYBgcMMnE6z2XGrmA17lhYi801Q/viewform?usp=pp_url&entry.1102225441=https://instagram.com/istanbulakvaryum&entry.1477564887=32076
",Entertainment,No,Company
siserisitmemerkezi,"https://docs.google.com/forms/d/e/1FAIpQLSfyzdCEu8dJGiUoR9DVcqOZYBgcMMnE6z2XGrmA17lhYi801Q/viewform?usp=pp_url&entry.1102225441=https://instagram.com/siserisitmemerkezi&entry.1477564887=32076
",Health and Lifestyle,No,Company
yargictony,"https://docs.google.com/forms/d/e/1FAIpQLSfyzdCEu8dJGiUoR9DVcqOZYBgcMMnE6z2XGrmA17lhYi801Q/viewform?usp=pp_url&entry.1102225441=https://instagram.com/yargictony&entry.1477564887=32076
",Gaming,Yes,Influencer
suzukimarineturkiye,"https://docs.google.com/forms/d/e/1FAIpQLSfyzdCEu8dJGiUoR9DVcqOZYBgcMMnE6z2XGrmA17lhYi801Q/viewform?usp=pp_url&entry.1102225441=https://instagram.com/suzukimarineturkiye&entry.1477564887=32076
",Tech,No,Company
labeljewellerycom,"https://docs.google.com/forms/d/e/1FAIpQLSfyzdCEu8dJGiUoR9DVcqOZYBgcMMnE6z2XGrmA17lhYi801Q/viewform?usp=pp_url&entry.1102225441=https://instagram.com/labeljewellerycom&entry.1477564887=32076
",Art,No,Company
durutiyatro,"https://docs.google.com/forms/d/e/1FAIpQLSfyzdCEu8dJGiUoR9DVcqOZYBgcMMnE6z2XGrmA17lhYi801Q/viewform?usp=pp_url&entry.1102225441=https://instagram.com/durutiyatro&entry.1477564887=32076
",Entertainment,No,Company
sokeprofesyonellerkulubu,"https://docs.google.com/forms/d/e/1FAIpQLSfyzdCEu8dJGiUoR9DVcqOZYBgcMMnE6z2XGrmA17lhYi801Q/viewform?usp=pp_url&entry.1102225441=https://instagram.com/sokeprofesyonellerkulubu&entry.1477564887=32076
",Food,No,Company
biogain.nutrition,"https://docs.google.com/forms/d/e/1FAIpQLSfyzdCEu8dJGiUoR9DVcqOZYBgcMMnE6z2XGrmA17lhYi801Q/viewform?usp=pp_url&entry.1102225441=https://instagram.com/biogain.nutrition&entry.1477564887=32076
",Health and Lifestyle,No,Company
arkasaegeanlinkregatta,"https://docs.google.com/forms/d/e/1FAIpQLSfyzdCEu8dJGiUoR9DVcqOZYBgcMMnE6z2XGrmA17lhYi801Q/viewform?usp=pp_url&entry.1102225441=https://instagram.com/arkasaegeanlinkregatta&entry.1477564887=32076
",Sports,No,Company
deppo_avantaj,"https://docs.google.com/forms/d/e/1FAIpQLSfyzdCEu8dJGiUoR9DVcqOZYBgcMMnE6z2XGrmA17lhYi801Q/viewform?usp=pp_url&entry.1102225441=https://instagram.com/deppo_avantaj&entry.1477564887=32076
",Fashion,No,Company
iliskitesti,"https://docs.google.com/forms/d/e/1FAIpQLSfyzdCEu8dJGiUoR9DVcqOZYBgcMMnE6z2XGrmA17lhYi801Q/viewform?usp=pp_url&entry.1102225441=https://instagram.com/iliskitesti&entry.1477564887=32076
",Entertainment,No,Influencer
sadecetenis,"https://docs.google.com/forms/d/e/1FAIpQLSfyzdCEu8dJGiUoR9DVcqOZYBgcMMnE6z2XGrmA17lhYi801Q/viewform?usp=pp_url&entry.1102225441=https://instagram.com/sadecetenis&entry.1477564887=32076
",Sports,No,Influencer
sehirlisofralar,"https://docs.google.com/forms/d/e/1FAIpQLSfyzdCEu8dJGiUoR9DVcqOZYBgcMMnE6z2XGrmA17lhYi801Q/viewform?usp=pp_url&entry.1102225441=https://instagram.com/sehirlisofralar&entry.1477564887=32076
",Food,No,Influencer
canakbatak,"https://docs.google.com/forms/d/e/1FAIpQLSfyzdCEu8dJGiUoR9DVcqOZYBgcMMnE6z2XGrmA17lhYi801Q/viewform?usp=pp_url&entry.1102225441=https://instagram.com/canakbatak&entry.1477564887=32076
",Gaming,No,Company
eczhalilsahin07,"https://docs.google.com/forms/d/e/1FAIpQLSfyzdCEu8dJGiUoR9DVcqOZYBgcMMnE6z2XGrmA17lhYi801Q/viewform?usp=pp_url&entry.1102225441=https://instagram.com/eczhalilsahin07&entry.1477564887=32076
",Entertainment,No,Influencer
cukurovablockchain,"https://docs.google.com/forms/d/e/1FAIpQLSfyzdCEu8dJGiUoR9DVcqOZYBgcMMnE6z2XGrmA17lhYi801Q/viewform?usp=pp_url&entry.1102225441=https://instagram.com/cukurovablockchain&entry.1477564887=32076
",Tech,No,Company
akifakay01,"https://docs.google.com/forms/d/e/1FAIpQLSfyzdCEu8dJGiUoR9DVcqOZYBgcMMnE6z2XGrmA17lhYi801Q/viewform?usp=pp_url&entry.1102225441=https://instagram.com/akifakay01&entry.1477564887=32076
",Entertainment,No,Influencer
samatli.oyuncak,"https://docs.google.com/forms/d/e/1FAIpQLSfyzdCEu8dJGiUoR9DVcqOZYBgcMMnE6z2XGrmA17lhYi801Q/viewform?usp=pp_url&entry.1102225441=https://instagram.com/samatli.oyuncak&entry.1477564887=32076
",Mom and Children,No,Company
lufianturkiye,"https://docs.google.com/forms/d/e/1FAIpQLSfyzdCEu8dJGiUoR9DVcqOZYBgcMMnE6z2XGrmA17lhYi801Q/viewform?usp=pp_url&entry.1102225441=https://instagram.com/lufianturkiye&entry.1477564887=32076
",Fashion,No,Company
mayavakfi,"https://docs.google.com/forms/d/e/1FAIpQLSfyzdCEu8dJGiUoR9DVcqOZYBgcMMnE6z2XGrmA17lhYi801Q/viewform?usp=pp_url&entry.1102225441=https://instagram.com/mayavakfi&entry.1477564887=32076
",Mom and Children,No,Company
cottogastro,"https://docs.google.com/forms/d/e/1FAIpQLSfyzdCEu8dJGiUoR9DVcqOZYBgcMMnE6z2XGrmA17lhYi801Q/viewform?usp=pp_url&entry.1102225441=https://instagram.com/cottogastro&entry.1477564887=32076
",Food,No,Company
ankaradanevarr,"https://docs.google.com/forms/d/e/1FAIpQLSfyzdCEu8dJGiUoR9DVcqOZYBgcMMnE6z2XGrmA17lhYi801Q/viewform?usp=pp_url&entry.1102225441=https://instagram.com/ankaradanevarr&entry.1477564887=32076
",Entertainment,No,Influencer
jollyjoker,"https://docs.google.com/forms/d/e/1FAIpQLSfyzdCEu8dJGiUoR9DVcqOZYBgcMMnE6z2XGrmA17lhYi801Q/viewform?usp=pp_url&entry.1102225441=https://instagram.com/jollyjoker&entry.1477564887=32076
",Entertainment,No,Company
anneler_kulubu,"https://docs.google.com/forms/d/e/1FAIpQLSfyzdCEu8dJGiUoR9DVcqOZYBgcMMnE6z2XGrmA17lhYi801Q/viewform?usp=pp_url&entry.1102225441=https://instagram.com/anneler_kulubu&entry.1477564887=32076
",Mom and Children,Yes,Influencer
kenansofuoglu,"https://docs.google.com/forms/d/e/1FAIpQLSfyzdCEu8dJGiUoR9DVcqOZYBgcMMnE6z2XGrmA17lhYi801Q/viewform?usp=pp_url&entry.1102225441=https://instagram.com/kenansofuoglu&entry.1477564887=32076
",Sports,No,Influencer
erenkoy_danismanlik,"https://docs.google.com/forms/d/e/1FAIpQLSfyzdCEu8dJGiUoR9DVcqOZYBgcMMnE6z2XGrmA17lhYi801Q/viewform?usp=pp_url&entry.1102225441=https://instagram.com/erenkoy_danismanlik&entry.1477564887=32076
",Mom and Children,No,Company
nerfturkiye,"https://docs.google.com/forms/d/e/1FAIpQLSfyzdCEu8dJGiUoR9DVcqOZYBgcMMnE6z2XGrmA17lhYi801Q/viewform?usp=pp_url&entry.1102225441=https://instagram.com/nerfturkiye&entry.1477564887=32076
",Sports,No,Company
profen_group,"https://docs.google.com/forms/d/e/1FAIpQLSfyzdCEu8dJGiUoR9DVcqOZYBgcMMnE6z2XGrmA17lhYi801Q/viewform?usp=pp_url&entry.1102225441=https://instagram.com/profen_group&entry.1477564887=32076
",Tech,No,Company
huaweimobiletr,"https://docs.google.com/forms/d/e/1FAIpQLSfyzdCEu8dJGiUoR9DVcqOZYBgcMMnE6z2XGrmA17lhYi801Q/viewform?usp=pp_url&entry.1102225441=https://instagram.com/huaweimobiletr&entry.1477564887=32076
",Tech,No,Company
hacettepeblockchain,"https://docs.google.com/forms/d/e/1FAIpQLSfyzdCEu8dJGiUoR9DVcqOZYBgcMMnE6z2XGrmA17lhYi801Q/viewform?usp=pp_url&entry.1102225441=https://instagram.com/hacettepeblockchain&entry.1477564887=32076
",Tech,No,Company
nilhansultanpasalimani,"https://docs.google.com/forms/d/e/1FAIpQLSfyzdCEu8dJGiUoR9DVcqOZYBgcMMnE6z2XGrmA17lhYi801Q/viewform?usp=pp_url&entry.1102225441=https://instagram.com/nilhansultanpasalimani&entry.1477564887=32076
",Food,No,Company
tiyatro.in,"https://docs.google.com/forms/d/e/1FAIpQLSfyzdCEu8dJGiUoR9DVcqOZYBgcMMnE6z2XGrmA17lhYi801Q/viewform?usp=pp_url&entry.1102225441=https://instagram.com/tiyatro.in&entry.1477564887=32076
",Entertainment,No,Company
avxcomtr,"https://docs.google.com/forms/d/e/1FAIpQLSfyzdCEu8dJGiUoR9DVcqOZYBgcMMnE6z2XGrmA17lhYi801Q/viewform?usp=pp_url&entry.1102225441=https://instagram.com/avxcomtr&entry.1477564887=32076
",Tech,No,Company
rixossungate,"https://docs.google.com/forms/d/e/1FAIpQLSfyzdCEu8dJGiUoR9DVcqOZYBgcMMnE6z2XGrmA17lhYi801Q/viewform?usp=pp_url&entry.1102225441=https://instagram.com/rixossungate&entry.1477564887=32076
",Travel,No,Company
ahi_genclikspor,"https://docs.google.com/forms/d/e/1FAIpQLSfyzdCEu8dJGiUoR9DVcqOZYBgcMMnE6z2XGrmA17lhYi801Q/viewform?usp=pp_url&entry.1102225441=https://instagram.com/ahi_genclikspor&entry.1477564887=32076
",Sports,No,Company
artsy,"https://docs.google.com/forms/d/e/1FAIpQLSfyzdCEu8dJGiUoR9DVcqOZYBgcMMnE6z2XGrmA17lhYi801Q/viewform?usp=pp_url&entry.1102225441=https://instagram.com/artsy&entry.1477564887=32076
",Art,No,Company
yenivizyontip,"https://docs.google.com/forms/d/e/1FAIpQLSfyzdCEu8dJGiUoR9DVcqOZYBgcMMnE6z2XGrmA17lhYi801Q/viewform?usp=pp_url&entry.1102225441=https://instagram.com/yenivizyontip&entry.1477564887=32076
",Health and Lifestyle,No,Company
fbtopukyaylasi,"https://docs.google.com/forms/d/e/1FAIpQLSfyzdCEu8dJGiUoR9DVcqOZYBgcMMnE6z2XGrmA17lhYi801Q/viewform?usp=pp_url&entry.1102225441=https://instagram.com/fbtopukyaylasi&entry.1477564887=32076
",Travel,No,Company
chefsidarbudak,"https://docs.google.com/forms/d/e/1FAIpQLSfyzdCEu8dJGiUoR9DVcqOZYBgcMMnE6z2XGrmA17lhYi801Q/viewform?usp=pp_url&entry.1102225441=https://instagram.com/chefsidarbudak&entry.1477564887=32076
",Food,Yes,Influencer
atvmilyoner,"https://docs.google.com/forms/d/e/1FAIpQLSfyzdCEu8dJGiUoR9DVcqOZYBgcMMnE6z2XGrmA17lhYi801Q/viewform?usp=pp_url&entry.1102225441=https://instagram.com/atvmilyoner&entry.1477564887=32076
",Entertainment,No,Company
sebzetarifi,"https://docs.google.com/forms/d/e/1FAIpQLSfyzdCEu8dJGiUoR9DVcqOZYBgcMMnE6z2XGrmA17lhYi801Q/viewform?usp=pp_url&entry.1102225441=https://instagram.com/sebzetarifi&entry.1477564887=32076
",Food,No,Influencer
45lik.alsancak,"https://docs.google.com/forms/d/e/1FAIpQLSfyzdCEu8dJGiUoR9DVcqOZYBgcMMnE6z2XGrmA17lhYi801Q/viewform?usp=pp_url&entry.1102225441=https://instagram.com/45lik.alsancak&entry.1477564887=32076
",Travel,No,Company
pamukcuosgbbalikesir,"https://docs.google.com/forms/d/e/1FAIpQLSfyzdCEu8dJGiUoR9DVcqOZYBgcMMnE6z2XGrmA17lhYi801Q/viewform?usp=pp_url&entry.1102225441=https://instagram.com/pamukcuosgbbalikesir&entry.1477564887=32076
",Health and Lifestyle,No,Company
cembolukbasi,"https://docs.google.com/forms/d/e/1FAIpQLSfyzdCEu8dJGiUoR9DVcqOZYBgcMMnE6z2XGrmA17lhYi801Q/viewform?usp=pp_url&entry.1102225441=https://instagram.com/cembolukbasi&entry.1477564887=32076
",Sports,No,Influencer
zeynepcamci,"https://docs.google.com/forms/d/e/1FAIpQLSfyzdCEu8dJGiUoR9DVcqOZYBgcMMnE6z2XGrmA17lhYi801Q/viewform?usp=pp_url&entry.1102225441=https://instagram.com/zeynepcamci&entry.1477564887=32076
",Fashion,Yes,Influencer
mergemagic,"https://docs.google.com/forms/d/e/1FAIpQLSfyzdCEu8dJGiUoR9DVcqOZYBgcMMnE6z2XGrmA17lhYi801Q/viewform?usp=pp_url&entry.1102225441=https://instagram.com/mergemagic&entry.1477564887=32076
",Entertainment,No,Company
intercitypark,"https://docs.google.com/forms/d/e/1FAIpQLSfyzdCEu8dJGiUoR9DVcqOZYBgcMMnE6z2XGrmA17lhYi801Q/viewform?usp=pp_url&entry.1102225441=https://instagram.com/intercitypark&entry.1477564887=32076
",Entertainment,No,Company
gulseamine,"https://docs.google.com/forms/d/e/1FAIpQLSfyzdCEu8dJGiUoR9DVcqOZYBgcMMnE6z2XGrmA17lhYi801Q/viewform?usp=pp_url&entry.1102225441=https://instagram.com/gulseamine&entry.1477564887=32076
",Fashion,No,Influencer
cananerguder1,"https://docs.google.com/forms/d/e/1FAIpQLSfyzdCEu8dJGiUoR9DVcqOZYBgcMMnE6z2XGrmA17lhYi801Q/viewform?usp=pp_url&entry.1102225441=https://instagram.com/cananerguder1&entry.1477564887=32076
",Art,No,Influencer
sercevdernegi,"https://docs.google.com/forms/d/e/1FAIpQLSfyzdCEu8dJGiUoR9DVcqOZYBgcMMnE6z2XGrmA17lhYi801Q/viewform?usp=pp_url&entry.1102225441=https://instagram.com/sercevdernegi&entry.1477564887=32076
",Mom and Children,No,Company
tolgshowresmi,"https://docs.google.com/forms/d/e/1FAIpQLSfyzdCEu8dJGiUoR9DVcqOZYBgcMMnE6z2XGrmA17lhYi801Q/viewform?usp=pp_url&entry.1102225441=https://instagram.com/tolgshowresmi&entry.1477564887=32076
",Entertainment,No,Influencer
kucukmartha,"https://docs.google.com/forms/d/e/1FAIpQLSfyzdCEu8dJGiUoR9DVcqOZYBgcMMnE6z2XGrmA17lhYi801Q/viewform?usp=pp_url&entry.1102225441=https://instagram.com/kucukmartha&entry.1477564887=32076
",Food,Yes,Influencer
bozuyukbelediyesi,"https://docs.google.com/forms/d/e/1FAIpQLSfyzdCEu8dJGiUoR9DVcqOZYBgcMMnE6z2XGrmA17lhYi801Q/viewform?usp=pp_url&entry.1102225441=https://instagram.com/bozuyukbelediyesi&entry.1477564887=32076
",Health and Lifestyle,No,Company
karacakayaaa,"https://docs.google.com/forms/d/e/1FAIpQLSfyzdCEu8dJGiUoR9DVcqOZYBgcMMnE6z2XGrmA17lhYi801Q/viewform?usp=pp_url&entry.1102225441=https://instagram.com/karacakayaaa&entry.1477564887=32076
",Travel,Yes,Influencer
sortiesortie,"https://docs.google.com/forms/d/e/1FAIpQLSfyzdCEu8dJGiUoR9DVcqOZYBgcMMnE6z2XGrmA17lhYi801Q/viewform?usp=pp_url&entry.1102225441=https://instagram.com/sortiesortie&entry.1477564887=32076
",Entertainment,No,Company
lykia.world.antalya,"https://docs.google.com/forms/d/e/1FAIpQLSfyzdCEu8dJGiUoR9DVcqOZYBgcMMnE6z2XGrmA17lhYi801Q/viewform?usp=pp_url&entry.1102225441=https://instagram.com/lykia.world.antalya&entry.1477564887=32076
",Travel,No,Company
fgwilsontr,"https://docs.google.com/forms/d/e/1FAIpQLSfyzdCEu8dJGiUoR9DVcqOZYBgcMMnE6z2XGrmA17lhYi801Q/viewform?usp=pp_url&entry.1102225441=https://instagram.com/fgwilsontr&entry.1477564887=32076
",Tech,No,Company
corvoscombat,"https://docs.google.com/forms/d/e/1FAIpQLSfyzdCEu8dJGiUoR9DVcqOZYBgcMMnE6z2XGrmA17lhYi801Q/viewform?usp=pp_url&entry.1102225441=https://instagram.com/corvoscombat&entry.1477564887=32076
",Sports,No,Company
cankiriotelavsa,"https://docs.google.com/forms/d/e/1FAIpQLSfyzdCEu8dJGiUoR9DVcqOZYBgcMMnE6z2XGrmA17lhYi801Q/viewform?usp=pp_url&entry.1102225441=https://instagram.com/cankiriotelavsa&entry.1477564887=32076
",Travel,No,Company
monologlarmuzesi,"https://docs.google.com/forms/d/e/1FAIpQLSfyzdCEu8dJGiUoR9DVcqOZYBgcMMnE6z2XGrmA17lhYi801Q/viewform?usp=pp_url&entry.1102225441=https://instagram.com/monologlarmuzesi&entry.1477564887=32076
",Art,No,Influencer
moderndanstoplulugu,"https://docs.google.com/forms/d/e/1FAIpQLSfyzdCEu8dJGiUoR9DVcqOZYBgcMMnE6z2XGrmA17lhYi801Q/viewform?usp=pp_url&entry.1102225441=https://instagram.com/moderndanstoplulugu&entry.1477564887=32076
",Art,No,Company
stmdefence,"https://docs.google.com/forms/d/e/1FAIpQLSfyzdCEu8dJGiUoR9DVcqOZYBgcMMnE6z2XGrmA17lhYi801Q/viewform?usp=pp_url&entry.1102225441=https://instagram.com/stmdefence&entry.1477564887=32076
",Tech,No,Company
sutastr,"https://docs.google.com/forms/d/e/1FAIpQLSfyzdCEu8dJGiUoR9DVcqOZYBgcMMnE6z2XGrmA17lhYi801Q/viewform?usp=pp_url&entry.1102225441=https://instagram.com/sutastr&entry.1477564887=32076
",Food,No,Company
peymankuruyemis,"https://docs.google.com/forms/d/e/1FAIpQLSfyzdCEu8dJGiUoR9DVcqOZYBgcMMnE6z2XGrmA17lhYi801Q/viewform?usp=pp_url&entry.1102225441=https://instagram.com/peymankuruyemis&entry.1477564887=32076
",Food,No,Company
ferdikadioglu,"https://docs.google.com/forms/d/e/1FAIpQLSfyzdCEu8dJGiUoR9DVcqOZYBgcMMnE6z2XGrmA17lhYi801Q/viewform?usp=pp_url&entry.1102225441=https://instagram.com/ferdikadioglu&entry.1477564887=32076
",Sports,No,Influencer
_mehmetbuse,"https://docs.google.com/forms/d/e/1FAIpQLSfyzdCEu8dJGiUoR9DVcqOZYBgcMMnE6z2XGrmA17lhYi801Q/viewform?usp=pp_url&entry.1102225441=https://instagram.com/_mehmetbuse&entry.1477564887=32076
",Mom and Children,Yes,Influencer
drcemozluk,"https://docs.google.com/forms/d/e/1FAIpQLSfyzdCEu8dJGiUoR9DVcqOZYBgcMMnE6z2XGrmA17lhYi801Q/viewform?usp=pp_url&entry.1102225441=https://instagram.com/drcemozluk&entry.1477564887=32076
",Health and Lifestyle,No,Influencer
zeynep,"https://docs.google.com/forms/d/e/1FAIpQLSfyzdCEu8dJGiUoR9DVcqOZYBgcMMnE6z2XGrmA17lhYi801Q/viewform?usp=pp_url&entry.1102225441=https://instagram.com/zeynep&entry.1477564887=32076
",Fashion,No,Influencer
eurasiahairtransplant,"https://docs.google.com/forms/d/e/1FAIpQLSfyzdCEu8dJGiUoR9DVcqOZYBgcMMnE6z2XGrmA17lhYi801Q/viewform?usp=pp_url&entry.1102225441=https://instagram.com/eurasiahairtransplant&entry.1477564887=32076
",Health and Lifestyle,No,Company
gevezeshow,"https://docs.google.com/forms/d/e/1FAIpQLSfyzdCEu8dJGiUoR9DVcqOZYBgcMMnE6z2XGrmA17lhYi801Q/viewform?usp=pp_url&entry.1102225441=https://instagram.com/gevezeshow&entry.1477564887=32076
",Entertainment,Yes,Influencer
cinkopastpastil,"https://docs.google.com/forms/d/e/1FAIpQLSfyzdCEu8dJGiUoR9DVcqOZYBgcMMnE6z2XGrmA17lhYi801Q/viewform?usp=pp_url&entry.1102225441=https://instagram.com/cinkopastpastil&entry.1477564887=32076
",,,
arda.tulum_,"https://docs.google.com/forms/d/e/1FAIpQLSfyzdCEu8dJGiUoR9DVcqOZYBgcMMnE6z2XGrmA17lhYi801Q/viewform?usp=pp_url&entry.1102225441=https://instagram.com/arda.tulum_&entry.1477564887=32076
",Art,No,Influencer
alimyapim,"https://docs.google.com/forms/d/e/1FAIpQLSfyzdCEu8dJGiUoR9DVcqOZYBgcMMnE6z2XGrmA17lhYi801Q/viewform?usp=pp_url&entry.1102225441=https://instagram.com/alimyapim&entry.1477564887=32076
",Art,No,Influencer
drozanseymen,"https://docs.google.com/forms/d/e/1FAIpQLSfyzdCEu8dJGiUoR9DVcqOZYBgcMMnE6z2XGrmA17lhYi801Q/viewform?usp=pp_url&entry.1102225441=https://instagram.com/drozanseymen&entry.1477564887=32076
",Health and Lifestyle,No,Influencer
lenovamobilya,"https://docs.google.com/forms/d/e/1FAIpQLSfyzdCEu8dJGiUoR9DVcqOZYBgcMMnE6z2XGrmA17lhYi801Q/viewform?usp=pp_url&entry.1102225441=https://instagram.com/lenovamobilya&entry.1477564887=32076
",Health and Lifestyle,No,Company
cafedeparissuadiye,"https://docs.google.com/forms/d/e/1FAIpQLSfyzdCEu8dJGiUoR9DVcqOZYBgcMMnE6z2XGrmA17lhYi801Q/viewform?usp=pp_url&entry.1102225441=https://instagram.com/cafedeparissuadiye&entry.1477564887=32076
",Food,No,Company
marcellopaintofficial,"https://docs.google.com/forms/d/e/1FAIpQLSfyzdCEu8dJGiUoR9DVcqOZYBgcMMnE6z2XGrmA17lhYi801Q/viewform?usp=pp_url&entry.1102225441=https://instagram.com/marcellopaintofficial&entry.1477564887=32076
",Art,No,Company
dikkatbebekcikabilir,"https://docs.google.com/forms/d/e/1FAIpQLSfyzdCEu8dJGiUoR9DVcqOZYBgcMMnE6z2XGrmA17lhYi801Q/viewform?usp=pp_url&entry.1102225441=https://instagram.com/dikkatbebekcikabilir&entry.1477564887=32076
",Mom and Children,No,Influencer
proto_yazilim,"https://docs.google.com/forms/d/e/1FAIpQLSfyzdCEu8dJGiUoR9DVcqOZYBgcMMnE6z2XGrmA17lhYi801Q/viewform?usp=pp_url&entry.1102225441=https://instagram.com/proto_yazilim&entry.1477564887=32076
",Tech,No,Company
ozartas,"https://docs.google.com/forms/d/e/1FAIpQLSfyzdCEu8dJGiUoR9DVcqOZYBgcMMnE6z2XGrmA17lhYi801Q/viewform?usp=pp_url&entry.1102225441=https://instagram.com/ozartas&entry.1477564887=32076
",Art,No,Company
fenerworld,"https://docs.google.com/forms/d/e/1FAIpQLSfyzdCEu8dJGiUoR9DVcqOZYBgcMMnE6z2XGrmA17lhYi801Q/viewform?usp=pp_url&entry.1102225441=https://instagram.com/fenerworld&entry.1477564887=32076
",Sports,No,Influencer
simitcidunyasi,"https://docs.google.com/forms/d/e/1FAIpQLSfyzdCEu8dJGiUoR9DVcqOZYBgcMMnE6z2XGrmA17lhYi801Q/viewform?usp=pp_url&entry.1102225441=https://instagram.com/simitcidunyasi&entry.1477564887=32076
",Food,No,Company
regenesismax,"https://docs.google.com/forms/d/e/1FAIpQLSfyzdCEu8dJGiUoR9DVcqOZYBgcMMnE6z2XGrmA17lhYi801Q/viewform?usp=pp_url&entry.1102225441=https://instagram.com/regenesismax&entry.1477564887=32076
",Health and Lifestyle,No,Company
filbooks,"https://docs.google.com/forms/d/e/1FAIpQLSfyzdCEu8dJGiUoR9DVcqOZYBgcMMnE6z2XGrmA17lhYi801Q/viewform?usp=pp_url&entry.1102225441=https://instagram.com/filbooks&entry.1477564887=32076
",Art,No,Company
busesinemiren,"https://docs.google.com/forms/d/e/1FAIpQLSfyzdCEu8dJGiUoR9DVcqOZYBgcMMnE6z2XGrmA17lhYi801Q/viewform?usp=pp_url&entry.1102225441=https://instagram.com/busesinemiren&entry.1477564887=32076
",Entertainment,No,Influencer
opmaroptik,"https://docs.google.com/forms/d/e/1FAIpQLSfyzdCEu8dJGiUoR9DVcqOZYBgcMMnE6z2XGrmA17lhYi801Q/viewform?usp=pp_url&entry.1102225441=https://instagram.com/opmaroptik&entry.1477564887=32076
",Fashion,No,Company
op.dr.ahmetkahraman,"https://docs.google.com/forms/d/e/1FAIpQLSfyzdCEu8dJGiUoR9DVcqOZYBgcMMnE6z2XGrmA17lhYi801Q/viewform?usp=pp_url&entry.1102225441=https://instagram.com/op.dr.ahmetkahraman&entry.1477564887=32076
",Health and Lifestyle,No,Influencer
360istanbul,"https://docs.google.com/forms/d/e/1FAIpQLSfyzdCEu8dJGiUoR9DVcqOZYBgcMMnE6z2XGrmA17lhYi801Q/viewform?usp=pp_url&entry.1102225441=https://instagram.com/360istanbul&entry.1477564887=32076
",Food,No,Company
ugrasdent,"https://docs.google.com/forms/d/e/1FAIpQLSfyzdCEu8dJGiUoR9DVcqOZYBgcMMnE6z2XGrmA17lhYi801Q/viewform?usp=pp_url&entry.1102225441=https://instagram.com/ugrasdent&entry.1477564887=32076
",Health and Lifestyle,No,Company
tahtakalehobi,"https://docs.google.com/forms/d/e/1FAIpQLSfyzdCEu8dJGiUoR9DVcqOZYBgcMMnE6z2XGrmA17lhYi801Q/viewform?usp=pp_url&entry.1102225441=https://instagram.com/tahtakalehobi&entry.1477564887=32076
",Art,No,Company
holimax,"https://docs.google.com/forms/d/e/1FAIpQLSfyzdCEu8dJGiUoR9DVcqOZYBgcMMnE6z2XGrmA17lhYi801Q/viewform?usp=pp_url&entry.1102225441=https://instagram.com/holimax&entry.1477564887=32076
",Travel,No,Company
vizesizgeziyorum,"https://docs.google.com/forms/d/e/1FAIpQLSfyzdCEu8dJGiUoR9DVcqOZYBgcMMnE6z2XGrmA17lhYi801Q/viewform?usp=pp_url&entry.1102225441=https://instagram.com/vizesizgeziyorum&entry.1477564887=32076
",Travel,Yes,Influencer
ozelesentepe,"https://docs.google.com/forms/d/e/1FAIpQLSfyzdCEu8dJGiUoR9DVcqOZYBgcMMnE6z2XGrmA17lhYi801Q/viewform?usp=pp_url&entry.1102225441=https://instagram.com/ozelesentepe&entry.1477564887=32076
",Health and Lifestyle,No,Company
aytenalpun,"https://docs.google.com/forms/d/e/1FAIpQLSfyzdCEu8dJGiUoR9DVcqOZYBgcMMnE6z2XGrmA17lhYi801Q/viewform?usp=pp_url&entry.1102225441=https://instagram.com/aytenalpun&entry.1477564887=32076
",Art,No,Influencer
